Marker,Chrom,Pos,Genes,CpG Island,Coefficient
cg20822990,1,17338766,"ATP13A2,SDHB",No,-11.5
cg22512670,1,26855765,RPS6KA1,No,-3.06
cg25410668,1,28241577,"RPA2,SMPDL3B",No,6.99
cg16008966,1,114761794,,No,-6.4
cg04400972,1,117665053,"TRIM45,TTF2",Yes,4.65
cg05308819,1,155959156,"ARHGEF2,SSR2",No,-7.33
cg16054275,1,169556022,"F5,SELP",No,0.355
cg08128734,1,206685423,"C1orf147,IKBKE,RASSF5",No,1.06
cg10501210,1,207997020,C1orf132,No,-3.6
cg09809672,1,236557682,EDARADD,No,-3.57
cg02085953,2,97202260,ARID5A,No,3.83
cg06639320,2,106015739,FHL2,Yes,6.65
cg22454769,2,106015767,FHL2,Yes,2.93
cg24079702,2,106015771,FHL2,Yes,3.44
cg23606718,2,131513927,FAM123C,Yes,6.4
cg18826637,2,145116633,,No,-2.31
cg22929506,2,219137490,"AAMP,ARPC2,GPBAR1,PNKD,TMBIM1",No,-3.41
cg22016779,2,230452311,"DNER,RNU7-9P",No,-2.69
cg04474832,3,52008487,"ABHD14A,ABHD14B,ACY1,GPR62,PCBP4,RPL29",No,-3.3
cg03607117,3,53080440,SFMBT1,Yes,3.92
cg00481951,3,187387650,SST,No,-1.8
cg25478614,3,187387866,SST,No,7.29
cg25428494,4,84255411,HPSE,No,-5.21
cg02650266,4,147558239,POU4F2,Yes,7.36
cg08234504,5,139013317,"CTD-3224K15.2,CXXC5,UBE2D2",No,13.4
cg23500537,5,140419819,PCDHB1,No,6.61
cg05207048,5,167513456,"CTB-178M22.1,ODZ2",No,-1.96
cg20052760,6,10510789,GCNT2,No,-7.53
cg16867657,6,11044877,ELOVL2,Yes,16.1
cg24724428,6,11044888,ELOVL2,Yes,-3.41
cg21572722,6,11044894,ELOVL2,Yes,-3.53
cg22736354,6,18122719,"NHLRC1,TPMT",Yes,5.5
cg06493994,6,25652602,SCGN,Yes,10.8
cg00486113,6,31105711,,No,-13.5
cg04581938,6,31364999,"FGFR3P1,XXbac-BPG248L24.11,Y_RNA.22",No,-4.93
cg13001142,6,147528521,STXBP5,No,-2
cg13221458,6,160112632,SOD2,No,-4.11
cg21186299,7,100808810,"AP1S1,C7orf52,VGF",Yes,22.1
cg20426994,7,130418324,KLF14,Yes,13.8
cg14361627,7,130419116,KLF14,Yes,10.1
cg08097417,7,130419133,KLF14,Yes,18.5
cg07955995,7,130419159,KLF14,Yes,6.5
cg22285878,7,130419173,KLF14,Yes,-12.4
cg08719712,7,130419485,KLF14,No,17.7
cg03473532,7,131008743,MKLN1,No,-2.54
cg08540945,7,152591698,,Yes,11.3
cg07927379,7,156433108,"C7orf13,RNF32",Yes,4.58
cg16419235,8,57360613,PENK,Yes,-2.84
cg07583137,8,82644012,"CHMP4C,ZFAND1",No,0.54
cg26290632,8,91094847,CALB1,No,6.77
cg01541867,9,86755499,,Yes,15.4
cg10804656,10,22623460,"BMI1,COMMD3,SPAG6",Yes,5.17
cg13612317,10,32345864,"KIF5B,Y_RNA.451",No,-5.74
cg22796704,10,49673534,ARHGAP22,No,-5.55
cg19935065,10,98062687,DNTT,No,11.3
cg03848421,10,98508050,"RPL13AP5,U6.646",No,-21.8
cg23091758,11,9025767,"NRIP3,SCUBE2",Yes,1.98
cg04940570,11,12696758,TEAD1,Yes,7.57
cg11067179,11,66083541,"CD248,RIN1,TMEM151A",No,18.1
cg22213242,11,66083573,"CD248,RIN1,TMEM151A",Yes,12
cg06419846,11,66083697,"CD248,RIN1,TMEM151A",Yes,6.3
cg02046143,11,133797911,IGSF9B,No,-6.52
cg09692396,12,7023346,"ATN1,ENO2,LRRC23",Yes,-7.55
cg04604946,12,7023352,"ATN1,ENO2,LRRC23",Yes,-15.5
cg00748589,12,11653486,,Yes,5.98
cg19722847,12,30849114,"CAPRIN2,IPO8",No,-3.18
cg18473521,12,54448265,"HOXC4,HOXC5",No,8.38
cg01528542,12,81468232,ACSS3,No,-2.04
cg07920503,13,25745406,FAM123A,Yes,2.35
ch.13.39564907R,13,40666907,,No,1.86
cg16193278,13,100008450,"HMGB3P4,MIR623,UBAC2",No,-15.8
cg03032497,14,61108227,SIX1,No,8.2
cg04875128,15,31775895,OTUD7A,Yes,-2.92
cg21296230,15,33010536,GREM1,Yes,5.45
cg11693709,15,40542019,"C15orf56,PAK6",No,-6.6
cg08761208,15,65693289,IGDCC4,No,-8.33
cg03399905,15,79576060,ANKRD34C,Yes,25
cg27569300,15,99645065,SYNM,Yes,13.6
cg27015931,16,22012404,"C16orf52,PDZD9,UQCRC2",No,-15.7
cg07082267,16,85429035,,No,-3.42
cg06419432,17,25707535,,No,-5.83
cg14692377,17,28562685,"BLMH,SLC6A4,SNORD63.3",Yes,10.2
cg22156456,17,39844239,EIF1,No,1.23
cg06874016,17,40177415,"DNAJC7,NKIRAS2,ZNF385C",No,0.978
cg02867102,17,62398693,,No,-13.3
cg03431918,17,77716367,ENPP7,No,3.48
cg19283806,18,66389420,"CCDC102B,TMX3",No,-4.2
cg06544310,19,41768003,"AXL,HNRNPUL1",No,-37
cg08415592,22,36648973,"APOL1,APOL2,Z82215.1",No,-2.73
